scenario_id,case_type,course_id,session_number,faculty_id,cohort_id,required_room_type,duration_slots,preferred_slot,room_id,room_type,start_slot,occupied_slots,preference_penalty,status,unplaced_reason
TTO-00001,normal,C01,1,F1,G1,classroom,2,S4,R1,classroom,S1,S1|S2,1,scheduled,
TTO-00001,normal,C01,2,F1,G1,classroom,2,S4,R1,classroom,S3,S3|S4,1,scheduled,
TTO-00001,normal,C01,3,F1,G1,classroom,2,S4,R1,classroom,S5,S5|S6,1,scheduled,
TTO-00001,normal,C02,1,F3,G1,lab,1,S1,R3,lab,S7,S7,1,scheduled,
TTO-00001,normal,C02,2,F3,G1,lab,1,S1,R3,lab,S8,S8,1,scheduled,
TTO-00001,normal,C02,3,F3,G1,lab,1,S1,R3,lab,S9,S9,1,scheduled,
TTO-00001,normal,C03,1,F1,G1,classroom,1,S9,R1,classroom,S10,S10,1,scheduled,
TTO-00001,normal,C03,2,F1,G1,classroom,1,S9,,,,,0,unplaced,No compatible room/slot available without a hard clash
TTO-00001,normal,C03,3,F1,G1,classroom,1,S9,,,,,0,unplaced,No compatible room/slot available without a hard clash
TTO-00001,normal,C04,1,F3,G1,classroom,2,S8,,,,,0,unplaced,No compatible room/slot available without a hard clash
TTO-00001,normal,C04,2,F3,G1,classroom,2,S8,,,,,0,unplaced,No compatible room/slot available without a hard clash
TTO-00001,normal,C04,3,F3,G1,classroom,2,S8,,,,,0,unplaced,No compatible room/slot available without a hard clash
TTO-00001,normal,C05,1,F1,G2,lab,2,S5,,,,,0,unplaced,No compatible room/slot available without a hard clash
TTO-00001,normal,C05,2,F1,G2,lab,2,S5,,,,,0,unplaced,No compatible room/slot available without a hard clash
TTO-00001,normal,C05,3,F1,G2,lab,2,S5,,,,,0,unplaced,No compatible room/slot available without a hard clash
